<?xml version="1.0" encoding="UTF-8"?>
<!DOCTYPE hibernate-configuration PUBLIC
	"-//Hibernate Configuration DTD 3.0//EN"
	"http://www.hibernate.org/dtd/hibernate-configuration-3.0.dtd">

<hibernate-configuration>
	<session-factory>
		<!-- COnfiguração da conexão com o banco POstegreSQL e dialeto -->
		<property name="hibernate.dialect">org.hibernate.dialect.PostgreSQLDialect</property>
		<property name="hibernate.connection.driver_class">org.postegresql.Driver</property>
		<property name="hibernate.connection.username">postgres</property>
		<property name="hibernate.connection.password">postgres</property>
		<property name="hibernate.connection.url">jdbc:postgresql://localhost:5432/hibernatedb</property>
		
		<!-- Usando as configurações do C3PO para pool de conexões -->
		<property name="c3po.min_size">5</property>
		<property name="c3po.max_size">20</property>
		<property name="c3po.timeout">300</property>
		<property name="c3po.max_statements">50</property>
		<property name="c3po.idle_test_period">3000</property>
		
		<!-- Configurações de debug -->
		<property name="show_sql">true</property>
		<property name="format_sql">true</property>
		<property name="generate_statistics">true</property>
		<property name="use_sql_comments">true</property>
		
		<!-- Mapeamento das Classes -->
		<mapping class="beans.Produto"/>
	</session-factory>
</hibernate-configuration>